{
    "RMSE": 0.0006635170841742217,
    "MSE": 4.4025492099106115e-07,
    "R2": -0.0033037539673244076
}