{
    "RMSE": 0.004946781468910077,
    "MSE": 2.447064690115214e-05,
    "R2": -0.005953227816834161
}