{
    "RMSE": 0.005606698161702776,
    "MSE": 3.143506427644129e-05,
    "R2": -0.020675273029973296
}