{
    "RMSE": 0.001009505283164871,
    "MSE": 1.0191009167377867e-06,
    "R2": -0.0011844800218043794
}