{
    "RMSE": 0.003367544268525681,
    "MSE": 1.1340354400480162e-05,
    "R2": -0.00031952580576510847
}