{
    "RMSE": 0.0007949583792349149,
    "MSE": 6.319588247158027e-07,
    "R2": -0.002780522075101821
}