{
    "RMSE": 0.006629620267321851,
    "MSE": 4.395186488888465e-05,
    "R2": -0.0009829687641913498
}