{
    "RMSE": 0.00018878968729897508,
    "MSE": 3.5641546030444796e-08,
    "R2": -0.012222514497690407
}