{
    "RMSE": 0.00014149127092943591,
    "MSE": 2.0019779749227038e-08,
    "R2": -0.015018888332062552
}