{
    "RMSE": 0.00014732742588649905,
    "MSE": 2.1705370418341867e-08,
    "R2": -0.0005189482846601479
}