{
    "RMSE": 0.0008485091162625328,
    "MSE": 7.199677203806244e-07,
    "R2": -0.0007950156643883322
}