{
    "RMSE": 0.011203617347256363,
    "MSE": 0.0001255210416637437,
    "R2": -0.02943509890006446
}